create database pujanmain
create table DEPOSIT(
	ACTNO INT,
	CNAME VARCHAR(50),
	BNAME VARCHAR(50),
	AMOUNT DECIMAL(8,2),
	ADATE DATETIME
);

INSERT INTO DEPOSIT VALUES(101,'ANIL','VRCE',1000,'1995-3-1')
INSERT INTO DEPOSIT VALUES(102,'SUNIL','AJNI',5000,'1996-1-4')
INSERT INTO DEPOSIT VALUES(103,'MEHUL','KAROLBAGH',3500,'1995-11-17')
INSERT INTO DEPOSIT VALUES(104,'MADHURI','CHANDI',1200,'1995-12-17')
INSERT INTO DEPOSIT VALUES(105,'PRAMOD','M.G.ROAD',3000,'1996-3-27')
INSERT INTO DEPOSIT VALUES(106,'SANDIP','ANDHERI',2000,'1996-3-31')
INSERT INTO DEPOSIT VALUES(107,'SHIVANI','VIRAR',1000,'1995-9-5')
INSERT INTO DEPOSIT VALUES(108,'KRANTI','NEHRU PLACE',500,'1995-7-2')
INSERT INTO DEPOSIT VALUES(109,'MINU','POWAI',7000,'1995-8-10')

SELECT * FROM DEPOSIT

CREATE TABLE BRANCH(
	BNAME VARCHAR(50),
	CITY VARCHAR(50)
);


INSERT INTO BRANCH (CITY,BNAME) VALUES('NAGPUR','VRCE')
INSERT INTO BRANCH VALUES('AJNI','NAGPUR'),('KAROLBAGH','DELHI'),('CHANDI','DELHI'),('DHARAMPETH','NAGPUR'),('M.G.ROAD','BANGLORE'),('ANDHERI','BOMBAY'),('VIRAR','BOMBAY'),('NEHRU PLACE','DELHI'),('POWAI','BOMBAY')

SELECT * FROM BRANCH

CREATE TABLE CUSTOMERS( 
	CNAME VARCHAR(50),
	CITY VARCHAR(50)
);

INSERT INTO CUSTOMERS VALUES ('ANIL','CALCUTTA'),('SUNIL','DELHI'),('MEHUL','BARODA'),('MANDAR','PATNA'),('MADHURI','NAGPUR'),('PRAMOD','NAGPUR'),('SANDIP','SURAT'),('SHIVANI','BOMBAY'),('KRANTI','BOMBAY'),('NAREN','BOMBAY')

SELECT * FROM CUSTOMERS

CREATE TABLE BORROW(
	LOANNO INT,
	CNAME VARCHAR(50),
	BNAME VARCHAR(50),
	AMOUNT DECIMAL(8,2)
);

INSERT INTO BORROW VALUES(201,'ANIL','VRCE',1000)
INSERT INTO BORROW VALUES(206,'MEHUL','AJNI',5000)
INSERT INTO BORROW VALUES(311,'SUNIL','DHARAMPETH',3000)
INSERT INTO BORROW VALUES(321,'MADHURI','ANDHERI',2000)
INSERT INTO BORROW VALUES(375,'PRAMOD','VIRAR',8000)
INSERT INTO BORROW VALUES(481,'KRANTI','NEHRU PLACE',3000)

SELECT * FROM BORROW 

--L2 1
SELECT * FROM DEPOSIT
--L2 2
SELECT * FROM BORROW

--L2 3
SELECT * FROM CUSTOMERS

--L2 4
SELECT ACTNO,CNAME,AMOUNT AS AMT FROM DEPOSIT

--L2 5
SELECT LOANNO, AMOUNT FROM BORROW

--L2 6
SELECT * FROM BORROW WHERE BNAME='ANDHERI'

--L2 7
SELECT ACTNO,AMOUNT FROM DEPOSIT WHERE ACTNO=106

--L2 8
SELECT CNAME FROM BORROW WHERE AMOUNT>=5000

--L2 9
SELECT CNAME FROM DEPOSIT WHERE ADATE>='1996-12-1'

--L2 10
SELECT CNAME FROM DEPOSIT WHERE ACTNO<105

--L2 11A
SELECT CNAME,CITY FROM CUSTOMERS WHERE CITY='NAGPUR' OR CITY='DELHI'

--L2 11B
SELECT CNAME FROM CUSTOMERS WHERE CITY IN ('NAGPUR','DELHI')

--L2 12
SELECT ACTNO,CNAME,BNAME FROM DEPOSIT WHERE AMOUNT>4000 AND  ACTNO<105

--L2 13A
SELECT * FROM BORROW WHERE AMOUNT>=3000 AND  AMOUNT<=8000


--L2 13B
SELECT * FROM BORROW WHERE AMOUNT BETWEEN  3000 AND 8000

--L2 14-1
SELECT CNAME,BNAME FROM DEPOSIT  WHERE BNAME<>'ANDHERI'


--L2 14-2
SELECT CNAME,BNAME FROM DEPOSIT  WHERE BNAME!='ANDHERI'


--L2 14-3
SELECT CNAME,BNAME FROM DEPOSIT  WHERE NOT BNAME ='ANDHERI'

--L2 15
SELECT ACTNO,CNAME,AMOUNT FROM DEPOSIT WHERE BNAME IN ('AJNI','KAROLBAGH','M.G.ROAD') AND ACTNO<104